,extensions,data.artist.id,data.artist.uri,data.artist.profile.name,data.artist.discography.albums.totalCount,data.artist.discography.singles.totalCount,data.artist.discography.compilations.totalCount,message
0,[],0TF6B1cp2QZXLE0NjhTMT9,spotify:artist:0TF6B1cp2QZXLE0NjhTMT9,LITE,15.0,15.0,0.0,
0,[],2lQvoGjN6jJfsAkaywtgrB,spotify:artist:2lQvoGjN6jJfsAkaywtgrB,Canibus,32.0,37.0,0.0,
0,[],3BeQqzKdlARoOd6y30kCO2,spotify:artist:3BeQqzKdlARoOd6y30kCO2,Pete Rock,25.0,45.0,0.0,
0,[],4VhYUWpDsLraUG6Sd8g9TF,spotify:artist:4VhYUWpDsLraUG6Sd8g9TF,Bronze Nazareth,28.0,30.0,0.0,
0,[],26T3LtbuGT1Fu9m0eRq5X3,spotify:artist:26T3LtbuGT1Fu9m0eRq5X3,Cage The Elephant,9.0,13.0,0.0,
0,[],5rexG906fVLfq8H9m8J9P9,spotify:artist:5rexG906fVLfq8H9m8J9P9,Alison Mosshart,1.0,6.0,0.0,
0,[],4FGPzWzgjURDNT7JQ8pYgH,spotify:artist:4FGPzWzgjURDNT7JQ8pYgH,Zach Top,2.0,17.0,0.0,
0,[],6zuxaIpAfcRq48qHl9f5KO,spotify:artist:6zuxaIpAfcRq48qHl9f5KO,Marcey Hamm,6.0,0.0,0.0,
0,[],6T70tWxqyIpdVbsFvPzqM3,spotify:artist:6T70tWxqyIpdVbsFvPzqM3,La La Land Cast,0.0,0.0,0.0,
0,[],68Uwx1d3EbjDJhYsLjqvIq,spotify:artist:68Uwx1d3EbjDJhYsLjqvIq,Emma Stone,0.0,3.0,0.0,
0,[],13kKxNPnxPeeWQaAaZwvCP,spotify:artist:13kKxNPnxPeeWQaAaZwvCP,Callie Hernandez,0.0,0.0,0.0,
0,[],4FFGJ9ERSX06Sl8hD7GRVv,spotify:artist:4FFGJ9ERSX06Sl8hD7GRVv,Sonoya Mizuno,0.0,0.0,0.0,
0,[],21yiGQIpkiP8edfxDipQaW,spotify:artist:21yiGQIpkiP8edfxDipQaW,Jessica Rothe,0.0,0.0,0.0,
0,[],2snm3HmsnDUDxbIChdl2Oj,spotify:artist:2snm3HmsnDUDxbIChdl2Oj,Justin Hurwitz,7.0,4.0,0.0,
0,[],6kXm2YCtdUOpRYNKeKhfue,spotify:artist:6kXm2YCtdUOpRYNKeKhfue,Ryan Gosling,0.0,5.0,0.0,
0,[],5y2Xq6xcjJb2jVM54GHK3t,spotify:artist:5y2Xq6xcjJb2jVM54GHK3t,John Legend,18.0,79.0,1.0,
0,[],3y6Lfjkrdn5TgkbgDxbpvM,spotify:artist:3y6Lfjkrdn5TgkbgDxbpvM,marzuz,1.0,8.0,0.0,
0,[],4XrL4M8qhP14zpdqfb5F9a,spotify:artist:4XrL4M8qhP14zpdqfb5F9a,maiki,0.0,0.0,0.0,
0,[],0fTSzq9jAh4c36UVb4V7CB,spotify:artist:0fTSzq9jAh4c36UVb4V7CB,Alex Warren,1.0,23.0,0.0,
0,[],3q7HBObVc0L8jNeTe5Gofh,spotify:artist:3q7HBObVc0L8jNeTe5Gofh,50 Cent,7.0,42.0,1.0,
0,[],7dGJo4pcD2V6oG8kP0tJRR,spotify:artist:7dGJo4pcD2V6oG8kP0tJRR,Eminem,20.0,32.0,3.0,
0,[],4pr7J7wzgObkE3DD3Izi7q,spotify:artist:4pr7J7wzgObkE3DD3Izi7q,Young Buck,80.0,60.0,3.0,
0,[],50UMTib697JJ44le8DO2Va,spotify:artist:50UMTib697JJ44le8DO2Va,Tony Yayo,10.0,11.0,4.0,
0,[],1Oa0bMld0A3u5OTYfMzp5h,spotify:artist:1Oa0bMld0A3u5OTYfMzp5h,Nate Dogg,5.0,17.0,1.0,
0,[],3vDUJHQtqT3jFRZ2ECXDTi,spotify:artist:3vDUJHQtqT3jFRZ2ECXDTi,Lloyd Banks,19.0,20.0,0.0,
0,[],04gDigrS5kc9YWfZHwBETP,spotify:artist:04gDigrS5kc9YWfZHwBETP,Maroon 5,14.0,38.0,2.0,
0,[],137W8MRPWKqSmrBGDBFSop,spotify:artist:137W8MRPWKqSmrBGDBFSop,Wiz Khalifa,35.0,128.0,1.0,
0,[],3euFcFd5Dc7JAz6t7oKg7m,spotify:artist:3euFcFd5Dc7JAz6t7oKg7m,BMZ,1.0,1025.0,0.0,
0,[],6WxtK77H12fJoqJNk6Q1dD,spotify:artist:6WxtK77H12fJoqJNk6Q1dD,Huy PT,0.0,48.0,0.0,
0,[],3kkcWqAkZejjoVFq7xBink,spotify:artist:3kkcWqAkZejjoVFq7xBink,Mimilee,0.0,3.0,0.0,
0,[],3GBPw9NK25X1Wt2OUvOwY3,spotify:artist:3GBPw9NK25X1Wt2OUvOwY3,Jack Johnson,16.0,23.0,1.0,
0,[],2p48L95TwEaYkSdn6R7LOr,spotify:artist:2p48L95TwEaYkSdn6R7LOr,BamBam,1.0,12.0,0.0,
0,[],2QM5S4yO6xHgnNvF0nbZZq,spotify:artist:2QM5S4yO6xHgnNvF0nbZZq,SEULGI,0.0,13.0,0.0,
0,[],23zg3TcAtWQy7J6upgbUnj,spotify:artist:23zg3TcAtWQy7J6upgbUnj,USHER,15.0,47.0,1.0,
0,[],7sfl4Xt5KmfyDs2T3SVSMK,spotify:artist:7sfl4Xt5KmfyDs2T3SVSMK,Lil Jon,5.0,64.0,0.0,
0,[],3ipn9JLAPI5GUEo4y4jcoi,spotify:artist:3ipn9JLAPI5GUEo4y4jcoi,Ludacris,10.0,29.0,0.0,
0,[],5pnbUBPifNnlusY8kTBivi,spotify:artist:5pnbUBPifNnlusY8kTBivi,Jadakiss,11.0,66.0,1.0,
0,[],3DiDSECUqqY1AuBP8qtaIa,spotify:artist:3DiDSECUqqY1AuBP8qtaIa,Alicia Keys,25.0,55.0,0.0,
0,[],64ovxBmjJ9ZDqkzEXVWpVc,spotify:artist:64ovxBmjJ9ZDqkzEXVWpVc,Shyne,6.0,7.0,1.0,
0,[],6vbY3hOaCAhC7VjucswgdS,spotify:artist:6vbY3hOaCAhC7VjucswgdS,Twista,21.0,45.0,0.0,
0,[],5K4W6rqBFWDnAN6FQUkS6x,spotify:artist:5K4W6rqBFWDnAN6FQUkS6x,Kanye West,16.0,42.0,1.0,
0,[],6nfYGe7IIuuP5bMY1jkJP6,spotify:artist:6nfYGe7IIuuP5bMY1jkJP6,Jermaine Dupri,4.0,12.0,0.0,
0,[],1FWowTsaucHkPDgmAGGk4T,spotify:artist:1FWowTsaucHkPDgmAGGk4T,Allen Mock,3.0,60.0,0.0,
0,[],3aQeKQSyrW4qWr35idm0cy,spotify:artist:3aQeKQSyrW4qWr35idm0cy,T-Pain,13.0,62.0,2.0,
0,[],55Aa2cqylxrFIXC767Z865,spotify:artist:55Aa2cqylxrFIXC767Z865,Lil Wayne,31.0,92.0,1.0,
0,[],0Mz5XE0kb1GBnbLQm2VbcO,spotify:artist:0Mz5XE0kb1GBnbLQm2VbcO,Mos Def,5.0,5.0,0.0,
0,[],7u6LfVyYpEzMpHLL7jTyvU,spotify:artist:7u6LfVyYpEzMpHLL7jTyvU,Dwele,5.0,6.0,0.0,
0,[],6GEykX11lQqp92UVOQQCC7,spotify:artist:6GEykX11lQqp92UVOQQCC7,DJ Premier,7.0,42.0,0.0,
0,[],0LQoZQIV0mIs0y0XQb0Sw2,spotify:artist:0LQoZQIV0mIs0y0XQb0Sw2,Chris Martin,0.0,0.0,0.0,
0,[],1i4q97Tz8xmGWJps51J7WT,spotify:artist:1i4q97Tz8xmGWJps51J7WT,Albe Back,1.0,2.0,0.0,
0,[],45dkTj5sMRSjrmBSBeiHym,spotify:artist:45dkTj5sMRSjrmBSBeiHym,Tate McRae,3.0,46.0,0.0,
0,[],1JqOqsJ3cetrCm1oM2eQik,spotify:artist:1JqOqsJ3cetrCm1oM2eQik,Josh Stone,3.0,4.0,0.0,
0,[],4Jl5W4ETxUCyEDgOEnqI4z,spotify:artist:4Jl5W4ETxUCyEDgOEnqI4z,Teddy Verseti,0.0,0.0,0.0,
0,[],06XkkGgcXppFttSjaaUV82,spotify:artist:06XkkGgcXppFttSjaaUV82,Teddy Pain,0.0,0.0,0.0,
0,[],0UQORYkcHw5LWna3ofFF0m,spotify:artist:0UQORYkcHw5LWna3ofFF0m,Teddy Penderazdoun,0.0,0.0,0.0,
0,[],0z4gvV4rjIZ9wHck67ucSV,spotify:artist:0z4gvV4rjIZ9wHck67ucSV,Akon,11.0,70.0,0.0,
0,[],4gpDA7R5796e6zbvZxGNga,spotify:artist:4gpDA7R5796e6zbvZxGNga,Shawnna,2.0,17.0,0.0,
0,[],35xo4qwDB5kJUJlj2zANzO,spotify:artist:35xo4qwDB5kJUJlj2zANzO,Raymond Fein,0.0,1.0,0.0,
0,[],6TmyW7nE5HAbg23fG7OOGJ,spotify:artist:6TmyW7nE5HAbg23fG7OOGJ,Tay Dizm,2.0,16.0,0.0,
0,[],23LbwefIODbyGdRbAz3urj,spotify:artist:23LbwefIODbyGdRbAz3urj,Yung Joc,4.0,18.0,0.0,
0,[],5M1oWVO41fgxRsFgVxCzeT,spotify:artist:5M1oWVO41fgxRsFgVxCzeT,J-LYRIQ,1.0,0.0,0.0,
0,[],5P2rwRBgIN450RaJxdjYdA,spotify:artist:5P2rwRBgIN450RaJxdjYdA,Kardinal Offishall,4.0,19.0,0.0,
0,[],5G8IlDlnPQPN4YmtJ6NDxK,spotify:artist:5G8IlDlnPQPN4YmtJ6NDxK,Cham,6.0,34.0,0.0,
0,[],5UEq0Q4HjUFefPov40b4PA,spotify:artist:5UEq0Q4HjUFefPov40b4PA,DP Entertainment,3.0,9.0,0.0,
0,[],6hG0VsXXlD10l60TqiIHIX,spotify:artist:6hG0VsXXlD10l60TqiIHIX,Ecco2k,4.0,9.0,0.0,
0,[],6bGcpvHbRHg8s0wiNyIZK1,spotify:artist:6bGcpvHbRHg8s0wiNyIZK1,Kula Shaker,7.0,10.0,1.0,
0,[],4kq8z3vydHjPDggxb16ErB,spotify:artist:4kq8z3vydHjPDggxb16ErB,Nakash Aziz,2.0,211.0,1.0,
0,[],3ZxZ03fj3tXBZHZWzvaLSM,spotify:artist:3ZxZ03fj3tXBZHZWzvaLSM,Neeti Mohan,0.0,127.0,1.0,
0,[],1cfG7UM0OD4O1II1nd15Qo,spotify:artist:1cfG7UM0OD4O1II1nd15Qo,Ash King,0.0,49.0,0.0,
0,[],3eDT9fwXKuHWFvgZaaYC5v,spotify:artist:3eDT9fwXKuHWFvgZaaYC5v,Sunidhi Chauhan,19.0,187.0,10.0,
0,[],4YRxDV8wJFPHPTeXepOstw,spotify:artist:4YRxDV8wJFPHPTeXepOstw,Arijit Singh,31.0,345.0,28.0,
0,[],0oOet2f43PA68X5RxKobEy,spotify:artist:0oOet2f43PA68X5RxKobEy,Shreya Ghoshal,31.0,352.0,19.0,
0,[],7DcUua74PM7MmBljTTjIyy,spotify:artist:7DcUua74PM7MmBljTTjIyy,Shiraz Uppal,6.0,20.0,1.0,
0,[],2kUxI9BlfC8j2cx2hdkPIj,spotify:artist:2kUxI9BlfC8j2cx2hdkPIj,Natalie Ram,0.0,1.0,0.0,
0,[],3tPQOjkxO3mrYrrgkTeXgH,spotify:artist:3tPQOjkxO3mrYrrgkTeXgH,Nikhita Gandhi,1.0,159.0,1.0,
0,[],60f431EIEmwOfJJOJhdyQR,spotify:artist:60f431EIEmwOfJJOJhdyQR,Bela Shende,17.0,43.0,1.0,
0,[],5strMoK4jh6U6TZSriY6dL,spotify:artist:5strMoK4jh6U6TZSriY6dL,P.A. Deepak,1.0,1.0,0.0,
0,[],7tO0wO2TEE7NCoABA9PiRS,spotify:artist:7tO0wO2TEE7NCoABA9PiRS,Ishaan Chhabra,5.0,6.0,0.0,
0,[],0tqxh7MvZ301BVW4e0p3Sa,spotify:artist:0tqxh7MvZ301BVW4e0p3Sa,Fiona Sit,13.0,59.0,0.0,
0,[],1McMsnEElThX1knmY4oliG,spotify:artist:1McMsnEElThX1knmY4oliG,Olivia Rodrigo,4.0,16.0,1.0,
0,[],64tNsm6TnZe2zpcMVMOoHL,spotify:artist:64tNsm6TnZe2zpcMVMOoHL,Alice In Chains,8.0,7.0,5.0,
0,[],4LLpKhyESsyAXpc4laK94U,spotify:artist:4LLpKhyESsyAXpc4laK94U,Mac Miller,17.0,31.0,0.0,
0,[],67hb7towEyKvt5Z8Bx306c,spotify:artist:67hb7towEyKvt5Z8Bx306c,Empire Of The Sun,8.0,25.0,0.0,
0,[],6hSbppor1AmH9RGzyxOcGT,spotify:artist:6hSbppor1AmH9RGzyxOcGT,Chevy Woods,13.0,30.0,0.0,
0,[],6pkVL11zrEmP8Cr0I7S8Cd,spotify:artist:6pkVL11zrEmP8Cr0I7S8Cd,DJ Bonics,0.0,2.0,0.0,
0,[],7gW0r5CkdEUMm42w9XpyZO,spotify:artist:7gW0r5CkdEUMm42w9XpyZO,Laufey,5.0,19.0,0.0,
0,[],09KZU0NsS7jRa5p0SflmGY,spotify:artist:09KZU0NsS7jRa5p0SflmGY,Philharmonia Orchestra,904.0,89.0,52.0,
0,[],7BhMZ7VCztcgkRp0LuWS8c,spotify:artist:7BhMZ7VCztcgkRp0LuWS8c,andie schoen,2.0,6.0,0.0,
0,[],1Yti3CsDazWVjNMXBHx1Af,spotify:artist:1Yti3CsDazWVjNMXBHx1Af,Oval,14.0,9.0,0.0,
0,[],0a9vSkyCTnB36E2iZbRVtl,spotify:artist:0a9vSkyCTnB36E2iZbRVtl,Juan Freer,0.0,45.0,0.0,
0,[],67s0oOKE73W45e5UawllhS,spotify:artist:67s0oOKE73W45e5UawllhS,miguel cornejo,2.0,51.0,0.0,
0,[],5pKCCKE2ajJHZ9KAiaK11H,spotify:artist:5pKCCKE2ajJHZ9KAiaK11H,Rihanna,16.0,61.0,0.0,
0,[],1RyvyyTE3xzB2ZywiAwp0i,spotify:artist:1RyvyyTE3xzB2ZywiAwp0i,Future,29.0,89.0,1.0,
0,[],1Cs0zKBU1kc0i8ypK3B9ai,spotify:artist:1Cs0zKBU1kc0i8ypK3B9ai,David Guetta,15.0,393.0,1.0,
0,[],1buzCmyYZE4kcdLRudsb8V,spotify:artist:1buzCmyYZE4kcdLRudsb8V,Mikky Ekko,2.0,35.0,0.0,
0,[],7bXgB6jMjp9ATFy66eO08Z,spotify:artist:7bXgB6jMjp9ATFy66eO08Z,Chris Brown,18.0,106.0,0.0,
0,[],1vWImodgVqIgTUkekGEfR9,spotify:artist:1vWImodgVqIgTUkekGEfR9,Dave Audé,7.0,191.0,3.0,
0,[],3k8vhKepBT8rNmDEJTGMTm,spotify:artist:3k8vhKepBT8rNmDEJTGMTm,Kemal Golden,0.0,2.0,0.0,
0,[],0l59CBSPDfKBXlyHya0pew,spotify:artist:0l59CBSPDfKBXlyHya0pew,Gregor Salto,11.0,121.0,1.0,
0,[],6oZvk0wRufXkBhyWhg8LjG,spotify:artist:6oZvk0wRufXkBhyWhg8LjG,Tzvetin Todorov,0.0,0.0,0.0,
0,[],4nNxZ9weXMeokvs9ohcmZl,spotify:artist:4nNxZ9weXMeokvs9ohcmZl,The Slaps,6.0,13.0,0.0,
0,[],6l3HvQ5sa6mXTsMTB19rO5,spotify:artist:6l3HvQ5sa6mXTsMTB19rO5,J. Cole,15.0,27.0,1.0,
0,[],1URnnhqYAYcrqrcwql10ft,spotify:artist:1URnnhqYAYcrqrcwql10ft,21 Savage,15.0,50.0,0.0,
0,[],44vREmJC0OlVZjZaGLqVEd,spotify:artist:44vREmJC0OlVZjZaGLqVEd,Morray,2.0,18.0,0.0,
0,[],70gP6Ry4Uo0Yx6uzPIdaiJ,spotify:artist:70gP6Ry4Uo0Yx6uzPIdaiJ,Bas,4.0,26.0,0.0,
0,[],5f7VJjfbwm532GiveGC0ZK,spotify:artist:5f7VJjfbwm532GiveGC0ZK,Lil Baby,12.0,86.0,1.0,
0,[],4IVAbR2w4JJNJDDRFP3E83,spotify:artist:4IVAbR2w4JJNJDDRFP3E83,6LACK,9.0,63.0,0.0,
0,[],5sCTgfCSbThRsGZtBd8JXi,spotify:artist:5sCTgfCSbThRsGZtBd8JXi,Lil Senju,27.0,298.0,0.0,
0,[],0yCwoo9EyMViMcmhDJLL8Z,spotify:artist:0yCwoo9EyMViMcmhDJLL8Z,buddha1k,4.0,20.0,0.0,
0,[],246dkjvS1zLTtiykXe5h60,spotify:artist:246dkjvS1zLTtiykXe5h60,Post Malone,11.0,34.0,0.0,
0,[],6roFdX1y5BYSbp60OTJWMd,spotify:artist:6roFdX1y5BYSbp60OTJWMd,Tim McGraw,24.0,30.0,7.0,
0,[],2dyeCWctcFRt3Pha76ONgb,spotify:artist:2dyeCWctcFRt3Pha76ONgb,"Hank Williams, Jr.",43.0,10.0,14.0,
0,[],4oUHIQIBe0LHzYfvXNW4QM,spotify:artist:4oUHIQIBe0LHzYfvXNW4QM,Morgan Wallen,5.0,32.0,0.0,
0,[],1UTPBmNbXNTittyMJrNkvw,spotify:artist:1UTPBmNbXNTittyMJrNkvw,Blake Shelton,15.0,47.0,3.0,
0,[],32vWCbZh0xZ4o9gkz4PsEU,spotify:artist:32vWCbZh0xZ4o9gkz4PsEU,Dolly Parton,81.0,71.0,12.0,
0,[],13YmWQJFwgZrd4bf5IjMY4,spotify:artist:13YmWQJFwgZrd4bf5IjMY4,Brad Paisley,15.0,19.0,0.0,
0,[],718COspgdWOnwOFpJHRZHS,spotify:artist:718COspgdWOnwOFpJHRZHS,Luke Combs,7.0,29.0,0.0,
0,[],6tPHARSq45lQ8BSALCfkFC,spotify:artist:6tPHARSq45lQ8BSALCfkFC,Lainey Wilson,4.0,22.0,0.0,
0,[],19k8AgwwTSxeaxkOuCQEJs,spotify:artist:19k8AgwwTSxeaxkOuCQEJs,Jelly Roll,25.0,50.0,0.0,
0,[],4GGfAshSkqoxpZdoaHm7ky,spotify:artist:4GGfAshSkqoxpZdoaHm7ky,ERNEST,4.0,17.0,0.0,
0,[],3oVcF3VdpMuvMvLLyHPT4t,spotify:artist:3oVcF3VdpMuvMvLLyHPT4t,Sierra Ferrell,3.0,27.0,0.0,
0,[],4YLtscXsxbVgi031ovDDdh,spotify:artist:4YLtscXsxbVgi031ovDDdh,Chris Stapleton,5.0,21.0,0.0,
0,[],5QNm7E7RU2m64l6Gliu8Oy,spotify:artist:5QNm7E7RU2m64l6Gliu8Oy,HARDY,5.0,33.0,0.0,
0,[],1ZN1c1qWEGZNX1pGeKCPpf,spotify:artist:1ZN1c1qWEGZNX1pGeKCPpf,Billy Strings,7.0,18.0,0.0,
0,[],1GN7yOqGqBVFHWEJYc5MnW,spotify:artist:1GN7yOqGqBVFHWEJYc5MnW,Jon Troast,6.0,16.0,0.0,
0,[],4yiQZ8tQPux8cPriYMWUFP,spotify:artist:4yiQZ8tQPux8cPriYMWUFP,Gwen Stefani,9.0,21.0,1.0,
0,[],2FXC3k01G6Gw61bmprjgqS,spotify:artist:2FXC3k01G6Gw61bmprjgqS,Hozier,8.0,27.0,0.0,
0,[],0cTSCsVx04SSht9V6cpKN0,spotify:artist:0cTSCsVx04SSht9V6cpKN0,Mavis Staples,15.0,10.0,0.0,
0,[],2vPnS0IpayC2RVFuQA08R4,spotify:artist:2vPnS0IpayC2RVFuQA08R4,2KE,3.0,115.0,0.0,
0,[],4jM6R2LK78dVTqHVUoA4li,spotify:artist:4jM6R2LK78dVTqHVUoA4li,808iuli,0.0,72.0,0.0,
0,[],08GQAI4eElDnROBrJRGE0X,spotify:artist:08GQAI4eElDnROBrJRGE0X,Fleetwood Mac,36.0,14.0,9.0,
0,[],7uWyXPJ04ihdQdYGGw3xVV,spotify:artist:7uWyXPJ04ihdQdYGGw3xVV,Guzior,4.0,29.0,0.0,
0,[],3U5Oag04Yl2WnvPULOlsMD,spotify:artist:3U5Oag04Yl2WnvPULOlsMD,Kukon,13.0,90.0,0.0,
0,[],2RIWb22QZmud0Ik6Ad7dS1,spotify:artist:2RIWb22QZmud0Ik6Ad7dS1,Kuban,3.0,19.0,0.0,
0,[],19zuiWthJYU6FCqnV4mJYC,spotify:artist:19zuiWthJYU6FCqnV4mJYC,Kinny Zimmer,1.0,22.0,0.0,
0,[],5k96hVqrpJoo0zmlVggVzv,spotify:artist:5k96hVqrpJoo0zmlVggVzv,Louis Villain,5.0,40.0,0.0,
0,[],5XGkLMcwitYFdwroktQs7o,spotify:artist:5XGkLMcwitYFdwroktQs7o,Vito Bambino,3.0,33.0,0.0,
0,[],16TsNPlesuA1R9kPLS6nta,spotify:artist:16TsNPlesuA1R9kPLS6nta,Favst,3.0,42.0,0.0,
0,[],3oaGNYMn968LbpA1sthjos,spotify:artist:3oaGNYMn968LbpA1sthjos,Rap La Rue,20.0,488.0,0.0,
0,[],6OBEI1JlLksVqrVOJXWdRe,spotify:artist:6OBEI1JlLksVqrVOJXWdRe,Haaland936,0.0,33.0,0.0,
0,[],6p2HnfM955TI1bX34dkLnI,spotify:artist:6p2HnfM955TI1bX34dkLnI,The Backseat Lovers,3.0,10.0,0.0,
0,[],15UsOTVnJzReFVN1VCnxy4,spotify:artist:15UsOTVnJzReFVN1VCnxy4,XXXTENTACION,8.0,25.0,1.0,
0,[],2P5sC9cVZDToPxyomzF1UH,spotify:artist:2P5sC9cVZDToPxyomzF1UH,Joey Bada$$,5.0,49.0,0.0,
0,[],4exLIFE8sISLr28sqG1qNX,spotify:artist:4exLIFE8sISLr28sqG1qNX,Travis Barker,5.0,51.0,0.0,
0,[],2J6pigOrBmKQgqJUY5UM7r,spotify:artist:2J6pigOrBmKQgqJUY5UM7r,Matt OX,5.0,81.0,0.0,
0,[],21WS9wngs9AqFckK7yYJPM,spotify:artist:21WS9wngs9AqFckK7yYJPM,PnB Rock,9.0,32.0,0.0,
0,[],3mLdH6xxrscTf2poCN9Kzy,spotify:artist:3mLdH6xxrscTf2poCN9Kzy,Rio Santana,1.0,16.0,0.0,
0,[],2V0DROfM2ieFSOcA3SHJLD,spotify:artist:2V0DROfM2ieFSOcA3SHJLD,Judah,0.0,9.0,0.0,
0,[],4DROs1Ye9DiLY3X8L7xvl8,spotify:artist:4DROs1Ye9DiLY3X8L7xvl8,Andrez Babii,1.0,30.0,0.0,
0,[],4UXqAaa6dQYAk18Lv7PEgX,spotify:artist:4UXqAaa6dQYAk18Lv7PEgX,Fall Out Boy,13.0,32.0,2.0,
0,[],0uQbhc3kBNQB0nSWDBG4Fg,spotify:artist:0uQbhc3kBNQB0nSWDBG4Fg,dagotcash,4.0,25.0,0.0,
0,[],15kOveBmBNyG244tBWNU5z,spotify:artist:15kOveBmBNyG244tBWNU5z,Hood tali,0.0,0.0,0.0,
0,[],7rVdisABSsmTCDXqpEEg3z,spotify:artist:7rVdisABSsmTCDXqpEEg3z,Waldo600,0.0,0.0,0.0,
0,[],3ibCzDSBlotrMa8vqF628f,spotify:artist:3ibCzDSBlotrMa8vqF628f,Skimaskdaconnect,0.0,0.0,0.0,
0,[],2ZfHMUPrxoZNDTBPHmmdhj,spotify:artist:2ZfHMUPrxoZNDTBPHmmdhj,moe.,23.0,9.0,1.0,
0,[],4iJLPqClelZOBCBifm8Fzv,spotify:artist:4iJLPqClelZOBCBifm8Fzv,Pierce The Veil,7.0,8.0,0.0,
0,[],3M9XAM57a4qFz3v6Lq27t2,spotify:artist:3M9XAM57a4qFz3v6Lq27t2,Kellin Quinn,1.0,97.0,0.0,
0,[],56ayAfQ4HSdYDw35Fhdigf,spotify:artist:56ayAfQ4HSdYDw35Fhdigf,Jason Butler,0.0,0.0,0.0,
0,[],7lbX2TQTHawmdlhNuXDzHs,spotify:artist:7lbX2TQTHawmdlhNuXDzHs,Lindsey Stamey,0.0,0.0,0.0,
0,[],0iEtIxbK0KxaSlF7G42ZOp,spotify:artist:0iEtIxbK0KxaSlF7G42ZOp,Metro Boomin,16.0,9.0,0.0,
0,[],13y7CgLHjMVRMDqxdx0Xdo,spotify:artist:13y7CgLHjMVRMDqxdx0Xdo,Gucci Mane,146.0,143.0,7.0,
0,[],0Y5tJX1MQlPlqiwlOH1tJY,spotify:artist:0Y5tJX1MQlPlqiwlOH1tJY,Travis Scott,7.0,52.0,0.0,
0,[],1zNqQNIdeOUZHb8zbZRFMX,spotify:artist:1zNqQNIdeOUZHb8zbZRFMX,Swae Lee,2.0,31.0,0.0,
0,[],2hlmm7s2ICUX0LVIhVFlZQ,spotify:artist:2hlmm7s2ICUX0LVIhVFlZQ,Gunna,13.0,67.0,1.0,
0,[],50co4Is1HCEo8bhOyUWKpn,spotify:artist:50co4Is1HCEo8bhOyUWKpn,Young Thug,26.0,55.0,0.0,
0,[],3tVQdUvClmAT7URs9V3rsp,spotify:artist:3tVQdUvClmAT7URs9V3rsp,Wizkid,7.0,54.0,0.0,
0,[],1vyhD5VmyZ7KMfW5gqLgo5,spotify:artist:1vyhD5VmyZ7KMfW5gqLgo5,J Balvin,11.0,155.0,0.0,
0,[],4DdkRBBYG6Yk9Ka8tdJ9BW,spotify:artist:4DdkRBBYG6Yk9Ka8tdJ9BW,Offset,3.0,39.0,0.0,
0,[],46SHBwWsqBkxI7EeeBEQG7,spotify:artist:46SHBwWsqBkxI7EeeBEQG7,Kodak Black,20.0,90.0,0.0,
0,[],3TVXtAsR1Inumwj472S9r4,spotify:artist:3TVXtAsR1Inumwj472S9r4,Drake,18.0,58.0,0.0,
0,[],2HPaUgqeutzr3jx5a9WyDV,spotify:artist:2HPaUgqeutzr3jx5a9WyDV,PARTYNEXTDOOR,10.0,22.0,0.0,
0,[],30AbYddXmSkDXhnW6lB0ll,spotify:artist:30AbYddXmSkDXhnW6lB0ll,Pimmie,0.0,3.0,0.0,
0,[],2rmkQLzj0k4nZdQehOUByO,spotify:artist:2rmkQLzj0k4nZdQehOUByO,Chino Pacas,1.0,25.0,0.0,
0,[],1ooV8YZC1KbpEcrmI8WH0F,spotify:artist:1ooV8YZC1KbpEcrmI8WH0F,Yebba,1.0,16.0,0.0,
0,[],3gBZUcNeVumkeeJ19CY2sX,spotify:artist:3gBZUcNeVumkeeJ19CY2sX,Ken Carson,5.0,8.0,0.0,
0,[],1HPW4jeRjXBFRoUnSvBzoD,spotify:artist:1HPW4jeRjXBFRoUnSvBzoD,Destroy Lonely,11.0,27.0,0.0,
0,[],2ojqsY1ycYzZOpLDBBwHPU,spotify:artist:2ojqsY1ycYzZOpLDBBwHPU,Homixide Gang,5.0,11.0,0.0,
0,[],1KlUwB6uFECMC3zzvFvykx,spotify:artist:1KlUwB6uFECMC3zzvFvykx,Niia,6.0,36.0,0.0,
0,[],7gSjFKpVmDgC2MMsnN8CYq,spotify:artist:7gSjFKpVmDgC2MMsnN8CYq,Jazmine Sullivan,5.0,19.0,0.0,
0,[],05RZIdfz59ZW2FvFuwnmNK,spotify:artist:05RZIdfz59ZW2FvFuwnmNK,K-Ci & JoJo,6.0,7.0,2.0,
0,[],6Rx5xY11vfnmOp312VzXMc,spotify:artist:6Rx5xY11vfnmOp312VzXMc,Diego Daza,6.0,32.0,0.0,
0,[],0VWoer2RDTKY4Sr9U93QTJ,spotify:artist:0VWoer2RDTKY4Sr9U93QTJ,Rolando Ochoa,20.0,35.0,0.0,
0,[],3b8QkneNDz4JHKKKlLgYZg,spotify:artist:3b8QkneNDz4JHKKKlLgYZg,Florida Georgia Line,9.0,20.0,1.0,
0,[],2Rs3MsF2y8VfkjmOVHkT5N,spotify:artist:2Rs3MsF2y8VfkjmOVHkT5N,Second To Sun,11.0,7.0,0.0,
0,[],21toYB9udeC6Zdi9fJL0wu,spotify:artist:21toYB9udeC6Zdi9fJL0wu,Thomas Farnon,8.0,13.0,0.0,
0,[],6vXTefBL93Dj5IqAWq6OTv,spotify:artist:6vXTefBL93Dj5IqAWq6OTv,French Montana,39.0,178.0,0.0,
0,[],2DctCFD8X80VeY7WLC86PS,spotify:artist:2DctCFD8X80VeY7WLC86PS,Chinx,12.0,33.0,0.0,
0,[],1Xyo4u8uXC1ZmMpatF05PJ,spotify:artist:1Xyo4u8uXC1ZmMpatF05PJ,The Weeknd,15.0,63.0,2.0,
0,[],7f35VZGDpomj11PXdNn5D9,spotify:artist:7f35VZGDpomj11PXdNn5D9,Max B,31.0,13.0,1.0,
0,[],2RdwBSPQiwcmiDo9kixcl8,spotify:artist:2RdwBSPQiwcmiDo9kixcl8,Pharrell Williams,4.0,38.0,0.0,
0,[],25Pp1BugEoqaXprdVihSwj,spotify:artist:25Pp1BugEoqaXprdVihSwj,Ziico Niico,8.0,22.0,0.0,
0,[],0VRj0yCOv2FXJNP47XQnx5,spotify:artist:0VRj0yCOv2FXJNP47XQnx5,Quavo,4.0,65.0,0.0,
0,[],4OBJLual30L7gRl5UkeRcT,spotify:artist:4OBJLual30L7gRl5UkeRcT,T.I.,17.0,49.0,0.0,
0,[],3tQx1LPXbsYjE9VwN1Peaa,spotify:artist:3tQx1LPXbsYjE9VwN1Peaa,Marc E. Bassy,12.0,57.0,0.0,
0,[],2LIAgeQ5NZurwixfoG3CWZ,spotify:artist:2LIAgeQ5NZurwixfoG3CWZ,Alkaline,5.0,180.0,0.0,
0,[],4Ga1P7PMIsmqEZqhYZQgDo,spotify:artist:4Ga1P7PMIsmqEZqhYZQgDo,Lil Tecca,7.0,29.0,0.0,
0,[],4MCBfE4596Uoi2O4DtmEMz,spotify:artist:4MCBfE4596Uoi2O4DtmEMz,Juice WRLD,8.0,35.0,0.0,
0,[],6NdzNrBP8Jbhzp6h7yojht,spotify:artist:6NdzNrBP8Jbhzp6h7yojht,CHEEZE,2.0,57.0,0.0,
0,[],4AKwRarlmsUlLjIwt38NLw,spotify:artist:4AKwRarlmsUlLjIwt38NLw,Ofenbach,1.0,71.0,0.0,
0,[],56Qz2XwGj7FxnNKrfkWjnb,spotify:artist:56Qz2XwGj7FxnNKrfkWjnb,FAST BOY,0.0,38.0,0.0,
0,[],6cEuCEZu7PAE9ZSzLLc2oQ,spotify:artist:6cEuCEZu7PAE9ZSzLLc2oQ,R3HAB,2.0,416.0,0.0,
0,[],2h6hAChW74hB9HvrNoK1RY,spotify:artist:2h6hAChW74hB9HvrNoK1RY,Quarterhead,0.0,52.0,0.0,
0,[],2fsk4VlJdNF6G8cCMDrrzB,spotify:artist:2fsk4VlJdNF6G8cCMDrrzB,Norma Jean Martine,1.0,30.0,0.0,
0,[],4sW5R5XKTge9Vwv44p9p18,spotify:artist:4sW5R5XKTge9Vwv44p9p18,Sam Gray,0.0,29.0,0.0,
0,[],1PbtWtrN7jZpd4toqxrjm2,spotify:artist:1PbtWtrN7jZpd4toqxrjm2,Lagique,0.0,5.0,0.0,
0,[],4H1PNuHElBLVok0lnYMrRb,spotify:artist:4H1PNuHElBLVok0lnYMrRb,Dyo,0.0,12.0,0.0,
0,[],7nDsS0l5ZAzMedVRKPP8F1,spotify:artist:7nDsS0l5ZAzMedVRKPP8F1,Ella Henderson,3.0,109.0,0.0,
0,[],6fbIkBK4DW2IPnlKk9MLWS,spotify:artist:6fbIkBK4DW2IPnlKk9MLWS,Tia Tia,2.0,28.0,0.0,
0,[],4RziIirVtTJrU8xMTrOgU2,spotify:artist:4RziIirVtTJrU8xMTrOgU2,Lucky Lou,0.0,5.0,0.0,
0,[],4XtfY4CBieEfqF3CSiPrRx,spotify:artist:4XtfY4CBieEfqF3CSiPrRx,SVEA,1.0,25.0,0.0,
0,[],1Np9GsrPO7dlczjvdehBxs,spotify:artist:1Np9GsrPO7dlczjvdehBxs,Ariana DeBose,1.0,7.0,0.0,
0,[],5OLl3QAQOcnab5ofRR05jM,spotify:artist:5OLl3QAQOcnab5ofRR05jM,Wish - Cast,35.0,4.0,0.0,
0,[],3xvaSlT4xsyk6lY1ESOspO,spotify:artist:3xvaSlT4xsyk6lY1ESOspO,Disney,63.0,52.0,22.0,
0,[],5ueYs7bR3niiOeZdOSge5e,spotify:artist:5ueYs7bR3niiOeZdOSge5e,Chris Pine,0.0,2.0,0.0,
0,[],4sEFD7V049ZiliYdmXR9fJ,spotify:artist:4sEFD7V049ZiliYdmXR9fJ,Angelique Cabral,0.0,0.0,0.0,
0,[],0ZED1XzwlLHW4ZaG4lOT6m,spotify:artist:0ZED1XzwlLHW4ZaG4lOT6m,Julia Michaels,55.0,46.0,4.0,
0,[],4aXYXCnJR6Aweo8GnWoSTD,spotify:artist:4aXYXCnJR6Aweo8GnWoSTD,Benjamin Rice,0.0,3.0,0.0,
0,[],59oA5WbbQvomJz2BuRG071,spotify:artist:59oA5WbbQvomJz2BuRG071,Jungle,4.0,38.0,0.0,
0,[],2mQLwfvZtvtTbipKn3xHmK,spotify:artist:2mQLwfvZtvtTbipKn3xHmK,Erick the Architect,3.0,35.0,0.0,
0,[],4cUkGQyhLFqKHBtL58HYVp,spotify:artist:4cUkGQyhLFqKHBtL58HYVp,Channel Tres,4.0,59.0,0.0,
0,[],4sSSkVtrCTzENCgm2vokiY,spotify:artist:4sSSkVtrCTzENCgm2vokiY,Roots Manuva,11.0,38.0,0.0,
0,[],0s0nktI1hRDRcexcJGkZ2D,spotify:artist:0s0nktI1hRDRcexcJGkZ2D,Mood Talk,0.0,9.0,0.0,
0,[],7GZfE8P3kSPhhzq854OMxk,spotify:artist:7GZfE8P3kSPhhzq854OMxk,JNR WILLIAMS,0.0,12.0,0.0,
0,[],2vTfPvhJkpW1DTjmMvHjOB,spotify:artist:2vTfPvhJkpW1DTjmMvHjOB,Loaded Honey,0.0,3.0,0.0,
0,[],4jogXSSvlyMkODGSZ2wc2P,spotify:artist:4jogXSSvlyMkODGSZ2wc2P,Calibre 50,23.0,73.0,4.0,
0,[],6LOvxDn71T0wWhCDNcXcUj,spotify:artist:6LOvxDn71T0wWhCDNcXcUj,Banda Carnaval,24.0,45.0,0.0,
0,[],6nB0iY1cjSY1KyhYyuIIKH,spotify:artist:6nB0iY1cjSY1KyhYyuIIKH,FKA twigs,4.0,20.0,0.0,
0,[],3TsEEdpuuCN1G0dPxV4uOA,spotify:artist:3TsEEdpuuCN1G0dPxV4uOA,Koreless,1.0,16.0,0.0,
0,[],5NTFOMIZSgupSw6yfnD4E2,spotify:artist:5NTFOMIZSgupSw6yfnD4E2,North West,0.0,1.0,0.0,
0,[],3Y3xIwWyq5wnNHPp5gPjOW,spotify:artist:3Y3xIwWyq5wnNHPp5gPjOW,Kenny Loggins,14.0,9.0,2.0,
0,[],7crPfGd2k81ekOoSqQKWWz,spotify:artist:7crPfGd2k81ekOoSqQKWWz,Stevie Nicks,15.0,16.0,2.0,
0,[],5xQKoGD7Ql92fWd1uWwKkf,spotify:artist:5xQKoGD7Ql92fWd1uWwKkf,Steve Perry,9.0,9.0,1.0,
0,[],0RESbWvOMyua0yuyVrztJ5,spotify:artist:0RESbWvOMyua0yuyVrztJ5,Key Glock,11.0,66.0,0.0,
0,[],1uNFoZAHBGtllmzznpCI3s,spotify:artist:1uNFoZAHBGtllmzznpCI3s,Justin Bieber,15.0,46.0,0.0,
0,[],2mxe0TnaNL039ysAj51xPQ,spotify:artist:2mxe0TnaNL039ysAj51xPQ,R. Kelly,16.0,22.0,3.0,
0,[],1anyVhU62p31KFi8MEzkbf,spotify:artist:1anyVhU62p31KFi8MEzkbf,Chance the Rapper,6.0,32.0,0.0,
0,[],0c173mlxpT3dSFRgMO8XPh,spotify:artist:0c173mlxpT3dSFRgMO8XPh,Big Sean,13.0,36.0,6.0,
0,[],3koiLjNrgRTNbOwViDipeA,spotify:artist:3koiLjNrgRTNbOwViDipeA,Marvin Gaye,45.0,15.0,23.0,
0,[],75jNCko3SnEMI5gwGqrbb8,spotify:artist:75jNCko3SnEMI5gwGqrbb8,Tammi Terrell,6.0,1.0,4.0,
0,[],2z7BqfKvVlkr8KVAOTBKcz,spotify:artist:2z7BqfKvVlkr8KVAOTBKcz,Citizen Queen,1.0,24.0,0.0,
0,[],0pANuDFzZpuOm7NK5L478T,spotify:artist:0pANuDFzZpuOm7NK5L478T,Karen Cowley,0.0,0.0,0.0,
0,[],5GIaRpKCtzquc5UUicqe50,spotify:artist:5GIaRpKCtzquc5UUicqe50,Olivia Foa'i,2.0,10.0,0.0,
0,[],5sClZWCp2BelTSEB9cU51M,spotify:artist:5sClZWCp2BelTSEB9cU51M,Te Vaka,12.0,3.0,1.0,
0,[],5mnS9jJdKQQcRSqFu5YPVe,spotify:artist:5mnS9jJdKQQcRSqFu5YPVe,Auli'i Cravalho,4.0,11.0,0.0,
0,[],5IxJyEUqhBte1rRbViGjNm,spotify:artist:5IxJyEUqhBte1rRbViGjNm,Villagers of Motunui,0.0,0.0,0.0,
0,[],1kB7GlXzdNWl28zLcOkQqU,spotify:artist:1kB7GlXzdNWl28zLcOkQqU,Rachel House,1.0,1.0,0.0,
0,[],5jJBMnM3wotWAKrVBdzFRi,spotify:artist:5jJBMnM3wotWAKrVBdzFRi,Sulata Foai-Amiatu,0.0,1.0,0.0,
0,[],57uGhTSBXwzV7Vc3UbgxC8,spotify:artist:57uGhTSBXwzV7Vc3UbgxC8,Matatia Foai,0.0,0.0,0.0,
0,[],31tOVgwE9y1Kuz7qcWaLJD,spotify:artist:31tOVgwE9y1Kuz7qcWaLJD,Matthew Ineleo,0.0,0.0,0.0,
0,[],759h9uEwoHm8KKq1pGI9RH,spotify:artist:759h9uEwoHm8KKq1pGI9RH,Opetaia Foa'i,0.0,5.0,0.0,
0,[],2yQnOZL6KBqo4Ar4glh6F0,spotify:artist:2yQnOZL6KBqo4Ar4glh6F0,Hualālai Chung,0.0,2.0,0.0,
0,[],6XsikqEx9qFXIAquVK1akU,spotify:artist:6XsikqEx9qFXIAquVK1akU,Rose Matafeo,0.0,0.0,0.0,
0,[],5gwLn7twOXJfXjf0oJ7W2D,spotify:artist:5gwLn7twOXJfXjf0oJ7W2D,David Fane,0.0,0.0,0.0,
0,[],2DNKXy48ZK0pKgLpjRXozJ,spotify:artist:2DNKXy48ZK0pKgLpjRXozJ,Awhimai Fraser,0.0,1.0,0.0,
0,[],1T8S48bD91THNKBByWBDyn,spotify:artist:1T8S48bD91THNKBByWBDyn,Dwayne Johnson,2.0,0.0,0.0,
0,,,,,,,,"You have exceeded the MONTHLY quota for Requests on your current plan, BASIC. Upgrade your plan at https://rapidapi.com/Glavier/api/spotify23"
0,,,,,,,,"You have exceeded the MONTHLY quota for Requests on your current plan, BASIC. Upgrade your plan at https://rapidapi.com/Glavier/api/spotify23"
0,,,,,,,,"You have exceeded the MONTHLY quota for Requests on your current plan, BASIC. Upgrade your plan at https://rapidapi.com/Glavier/api/spotify23"
0,,,,,,,,"You have exceeded the MONTHLY quota for Requests on your current plan, BASIC. Upgrade your plan at https://rapidapi.com/Glavier/api/spotify23"
0,,,,,,,,"You have exceeded the MONTHLY quota for Requests on your current plan, BASIC. Upgrade your plan at https://rapidapi.com/Glavier/api/spotify23"
0,,,,,,,,"You have exceeded the MONTHLY quota for Requests on your current plan, BASIC. Upgrade your plan at https://rapidapi.com/Glavier/api/spotify23"
0,,,,,,,,"You have exceeded the MONTHLY quota for Requests on your current plan, BASIC. Upgrade your plan at https://rapidapi.com/Glavier/api/spotify23"
0,,,,,,,,"You have exceeded the MONTHLY quota for Requests on your current plan, BASIC. Upgrade your plan at https://rapidapi.com/Glavier/api/spotify23"
0,,,,,,,,"You have exceeded the MONTHLY quota for Requests on your current plan, BASIC. Upgrade your plan at https://rapidapi.com/Glavier/api/spotify23"
0,,,,,,,,"You have exceeded the MONTHLY quota for Requests on your current plan, BASIC. Upgrade your plan at https://rapidapi.com/Glavier/api/spotify23"
0,,,,,,,,"You have exceeded the MONTHLY quota for Requests on your current plan, BASIC. Upgrade your plan at https://rapidapi.com/Glavier/api/spotify23"
0,,,,,,,,"You have exceeded the MONTHLY quota for Requests on your current plan, BASIC. Upgrade your plan at https://rapidapi.com/Glavier/api/spotify23"
0,,,,,,,,"You have exceeded the MONTHLY quota for Requests on your current plan, BASIC. Upgrade your plan at https://rapidapi.com/Glavier/api/spotify23"
0,,,,,,,,"You have exceeded the MONTHLY quota for Requests on your current plan, BASIC. Upgrade your plan at https://rapidapi.com/Glavier/api/spotify23"
0,,,,,,,,"You have exceeded the MONTHLY quota for Requests on your current plan, BASIC. Upgrade your plan at https://rapidapi.com/Glavier/api/spotify23"
0,,,,,,,,"You have exceeded the MONTHLY quota for Requests on your current plan, BASIC. Upgrade your plan at https://rapidapi.com/Glavier/api/spotify23"
0,,,,,,,,"You have exceeded the MONTHLY quota for Requests on your current plan, BASIC. Upgrade your plan at https://rapidapi.com/Glavier/api/spotify23"
0,,,,,,,,"You have exceeded the MONTHLY quota for Requests on your current plan, BASIC. Upgrade your plan at https://rapidapi.com/Glavier/api/spotify23"
0,,,,,,,,"You have exceeded the MONTHLY quota for Requests on your current plan, BASIC. Upgrade your plan at https://rapidapi.com/Glavier/api/spotify23"
0,,,,,,,,"You have exceeded the MONTHLY quota for Requests on your current plan, BASIC. Upgrade your plan at https://rapidapi.com/Glavier/api/spotify23"
0,,,,,,,,"You have exceeded the MONTHLY quota for Requests on your current plan, BASIC. Upgrade your plan at https://rapidapi.com/Glavier/api/spotify23"
0,,,,,,,,"You have exceeded the MONTHLY quota for Requests on your current plan, BASIC. Upgrade your plan at https://rapidapi.com/Glavier/api/spotify23"
0,,,,,,,,"You have exceeded the MONTHLY quota for Requests on your current plan, BASIC. Upgrade your plan at https://rapidapi.com/Glavier/api/spotify23"
0,,,,,,,,"You have exceeded the MONTHLY quota for Requests on your current plan, BASIC. Upgrade your plan at https://rapidapi.com/Glavier/api/spotify23"
0,,,,,,,,"You have exceeded the MONTHLY quota for Requests on your current plan, BASIC. Upgrade your plan at https://rapidapi.com/Glavier/api/spotify23"
0,,,,,,,,"You have exceeded the MONTHLY quota for Requests on your current plan, BASIC. Upgrade your plan at https://rapidapi.com/Glavier/api/spotify23"
0,,,,,,,,"You have exceeded the MONTHLY quota for Requests on your current plan, BASIC. Upgrade your plan at https://rapidapi.com/Glavier/api/spotify23"
0,,,,,,,,"You have exceeded the MONTHLY quota for Requests on your current plan, BASIC. Upgrade your plan at https://rapidapi.com/Glavier/api/spotify23"
0,,,,,,,,"You have exceeded the MONTHLY quota for Requests on your current plan, BASIC. Upgrade your plan at https://rapidapi.com/Glavier/api/spotify23"
0,,,,,,,,"You have exceeded the MONTHLY quota for Requests on your current plan, BASIC. Upgrade your plan at https://rapidapi.com/Glavier/api/spotify23"
0,,,,,,,,"You have exceeded the MONTHLY quota for Requests on your current plan, BASIC. Upgrade your plan at https://rapidapi.com/Glavier/api/spotify23"
0,,,,,,,,"You have exceeded the MONTHLY quota for Requests on your current plan, BASIC. Upgrade your plan at https://rapidapi.com/Glavier/api/spotify23"
0,,,,,,,,"You have exceeded the MONTHLY quota for Requests on your current plan, BASIC. Upgrade your plan at https://rapidapi.com/Glavier/api/spotify23"
0,,,,,,,,"You have exceeded the MONTHLY quota for Requests on your current plan, BASIC. Upgrade your plan at https://rapidapi.com/Glavier/api/spotify23"
0,,,,,,,,"You have exceeded the MONTHLY quota for Requests on your current plan, BASIC. Upgrade your plan at https://rapidapi.com/Glavier/api/spotify23"
0,,,,,,,,"You have exceeded the MONTHLY quota for Requests on your current plan, BASIC. Upgrade your plan at https://rapidapi.com/Glavier/api/spotify23"
0,,,,,,,,"You have exceeded the MONTHLY quota for Requests on your current plan, BASIC. Upgrade your plan at https://rapidapi.com/Glavier/api/spotify23"
0,,,,,,,,"You have exceeded the MONTHLY quota for Requests on your current plan, BASIC. Upgrade your plan at https://rapidapi.com/Glavier/api/spotify23"
0,,,,,,,,"You have exceeded the MONTHLY quota for Requests on your current plan, BASIC. Upgrade your plan at https://rapidapi.com/Glavier/api/spotify23"
0,,,,,,,,"You have exceeded the MONTHLY quota for Requests on your current plan, BASIC. Upgrade your plan at https://rapidapi.com/Glavier/api/spotify23"
0,,,,,,,,"You have exceeded the MONTHLY quota for Requests on your current plan, BASIC. Upgrade your plan at https://rapidapi.com/Glavier/api/spotify23"
0,,,,,,,,"You have exceeded the MONTHLY quota for Requests on your current plan, BASIC. Upgrade your plan at https://rapidapi.com/Glavier/api/spotify23"
0,,,,,,,,"You have exceeded the MONTHLY quota for Requests on your current plan, BASIC. Upgrade your plan at https://rapidapi.com/Glavier/api/spotify23"
0,,,,,,,,"You have exceeded the MONTHLY quota for Requests on your current plan, BASIC. Upgrade your plan at https://rapidapi.com/Glavier/api/spotify23"
0,,,,,,,,"You have exceeded the MONTHLY quota for Requests on your current plan, BASIC. Upgrade your plan at https://rapidapi.com/Glavier/api/spotify23"
0,,,,,,,,"You have exceeded the MONTHLY quota for Requests on your current plan, BASIC. Upgrade your plan at https://rapidapi.com/Glavier/api/spotify23"
0,,,,,,,,"You have exceeded the MONTHLY quota for Requests on your current plan, BASIC. Upgrade your plan at https://rapidapi.com/Glavier/api/spotify23"
0,,,,,,,,"You have exceeded the MONTHLY quota for Requests on your current plan, BASIC. Upgrade your plan at https://rapidapi.com/Glavier/api/spotify23"
0,,,,,,,,"You have exceeded the MONTHLY quota for Requests on your current plan, BASIC. Upgrade your plan at https://rapidapi.com/Glavier/api/spotify23"
0,,,,,,,,"You have exceeded the MONTHLY quota for Requests on your current plan, BASIC. Upgrade your plan at https://rapidapi.com/Glavier/api/spotify23"
0,,,,,,,,"You have exceeded the MONTHLY quota for Requests on your current plan, BASIC. Upgrade your plan at https://rapidapi.com/Glavier/api/spotify23"
0,,,,,,,,"You have exceeded the MONTHLY quota for Requests on your current plan, BASIC. Upgrade your plan at https://rapidapi.com/Glavier/api/spotify23"
0,,,,,,,,"You have exceeded the MONTHLY quota for Requests on your current plan, BASIC. Upgrade your plan at https://rapidapi.com/Glavier/api/spotify23"
0,,,,,,,,"You have exceeded the MONTHLY quota for Requests on your current plan, BASIC. Upgrade your plan at https://rapidapi.com/Glavier/api/spotify23"
0,,,,,,,,"You have exceeded the MONTHLY quota for Requests on your current plan, BASIC. Upgrade your plan at https://rapidapi.com/Glavier/api/spotify23"
0,,,,,,,,"You have exceeded the MONTHLY quota for Requests on your current plan, BASIC. Upgrade your plan at https://rapidapi.com/Glavier/api/spotify23"
0,,,,,,,,"You have exceeded the MONTHLY quota for Requests on your current plan, BASIC. Upgrade your plan at https://rapidapi.com/Glavier/api/spotify23"
0,,,,,,,,"You have exceeded the MONTHLY quota for Requests on your current plan, BASIC. Upgrade your plan at https://rapidapi.com/Glavier/api/spotify23"
0,,,,,,,,"You have exceeded the MONTHLY quota for Requests on your current plan, BASIC. Upgrade your plan at https://rapidapi.com/Glavier/api/spotify23"
0,,,,,,,,"You have exceeded the MONTHLY quota for Requests on your current plan, BASIC. Upgrade your plan at https://rapidapi.com/Glavier/api/spotify23"
0,,,,,,,,"You have exceeded the MONTHLY quota for Requests on your current plan, BASIC. Upgrade your plan at https://rapidapi.com/Glavier/api/spotify23"
0,,,,,,,,"You have exceeded the MONTHLY quota for Requests on your current plan, BASIC. Upgrade your plan at https://rapidapi.com/Glavier/api/spotify23"
0,,,,,,,,"You have exceeded the MONTHLY quota for Requests on your current plan, BASIC. Upgrade your plan at https://rapidapi.com/Glavier/api/spotify23"
0,,,,,,,,"You have exceeded the MONTHLY quota for Requests on your current plan, BASIC. Upgrade your plan at https://rapidapi.com/Glavier/api/spotify23"
0,,,,,,,,"You have exceeded the MONTHLY quota for Requests on your current plan, BASIC. Upgrade your plan at https://rapidapi.com/Glavier/api/spotify23"
0,,,,,,,,"You have exceeded the MONTHLY quota for Requests on your current plan, BASIC. Upgrade your plan at https://rapidapi.com/Glavier/api/spotify23"
0,,,,,,,,"You have exceeded the MONTHLY quota for Requests on your current plan, BASIC. Upgrade your plan at https://rapidapi.com/Glavier/api/spotify23"
0,,,,,,,,"You have exceeded the MONTHLY quota for Requests on your current plan, BASIC. Upgrade your plan at https://rapidapi.com/Glavier/api/spotify23"
0,,,,,,,,"You have exceeded the MONTHLY quota for Requests on your current plan, BASIC. Upgrade your plan at https://rapidapi.com/Glavier/api/spotify23"
0,,,,,,,,"You have exceeded the MONTHLY quota for Requests on your current plan, BASIC. Upgrade your plan at https://rapidapi.com/Glavier/api/spotify23"
0,,,,,,,,"You have exceeded the MONTHLY quota for Requests on your current plan, BASIC. Upgrade your plan at https://rapidapi.com/Glavier/api/spotify23"
0,,,,,,,,"You have exceeded the MONTHLY quota for Requests on your current plan, BASIC. Upgrade your plan at https://rapidapi.com/Glavier/api/spotify23"
0,,,,,,,,"You have exceeded the MONTHLY quota for Requests on your current plan, BASIC. Upgrade your plan at https://rapidapi.com/Glavier/api/spotify23"
0,,,,,,,,"You have exceeded the MONTHLY quota for Requests on your current plan, BASIC. Upgrade your plan at https://rapidapi.com/Glavier/api/spotify23"
0,,,,,,,,"You have exceeded the MONTHLY quota for Requests on your current plan, BASIC. Upgrade your plan at https://rapidapi.com/Glavier/api/spotify23"
0,,,,,,,,"You have exceeded the MONTHLY quota for Requests on your current plan, BASIC. Upgrade your plan at https://rapidapi.com/Glavier/api/spotify23"
0,,,,,,,,"You have exceeded the MONTHLY quota for Requests on your current plan, BASIC. Upgrade your plan at https://rapidapi.com/Glavier/api/spotify23"
0,,,,,,,,"You have exceeded the MONTHLY quota for Requests on your current plan, BASIC. Upgrade your plan at https://rapidapi.com/Glavier/api/spotify23"
0,,,,,,,,"You have exceeded the MONTHLY quota for Requests on your current plan, BASIC. Upgrade your plan at https://rapidapi.com/Glavier/api/spotify23"
0,,,,,,,,"You have exceeded the MONTHLY quota for Requests on your current plan, BASIC. Upgrade your plan at https://rapidapi.com/Glavier/api/spotify23"
0,,,,,,,,"You have exceeded the MONTHLY quota for Requests on your current plan, BASIC. Upgrade your plan at https://rapidapi.com/Glavier/api/spotify23"
0,,,,,,,,"You have exceeded the MONTHLY quota for Requests on your current plan, BASIC. Upgrade your plan at https://rapidapi.com/Glavier/api/spotify23"
0,,,,,,,,"You have exceeded the MONTHLY quota for Requests on your current plan, BASIC. Upgrade your plan at https://rapidapi.com/Glavier/api/spotify23"
0,,,,,,,,"You have exceeded the MONTHLY quota for Requests on your current plan, BASIC. Upgrade your plan at https://rapidapi.com/Glavier/api/spotify23"
0,,,,,,,,"You have exceeded the MONTHLY quota for Requests on your current plan, BASIC. Upgrade your plan at https://rapidapi.com/Glavier/api/spotify23"
0,,,,,,,,"You have exceeded the MONTHLY quota for Requests on your current plan, BASIC. Upgrade your plan at https://rapidapi.com/Glavier/api/spotify23"
0,,,,,,,,"You have exceeded the MONTHLY quota for Requests on your current plan, BASIC. Upgrade your plan at https://rapidapi.com/Glavier/api/spotify23"
0,,,,,,,,"You have exceeded the MONTHLY quota for Requests on your current plan, BASIC. Upgrade your plan at https://rapidapi.com/Glavier/api/spotify23"
0,,,,,,,,"You have exceeded the MONTHLY quota for Requests on your current plan, BASIC. Upgrade your plan at https://rapidapi.com/Glavier/api/spotify23"
0,,,,,,,,"You have exceeded the MONTHLY quota for Requests on your current plan, BASIC. Upgrade your plan at https://rapidapi.com/Glavier/api/spotify23"
0,,,,,,,,"You have exceeded the MONTHLY quota for Requests on your current plan, BASIC. Upgrade your plan at https://rapidapi.com/Glavier/api/spotify23"
0,,,,,,,,"You have exceeded the MONTHLY quota for Requests on your current plan, BASIC. Upgrade your plan at https://rapidapi.com/Glavier/api/spotify23"
0,,,,,,,,"You have exceeded the MONTHLY quota for Requests on your current plan, BASIC. Upgrade your plan at https://rapidapi.com/Glavier/api/spotify23"
0,,,,,,,,"You have exceeded the MONTHLY quota for Requests on your current plan, BASIC. Upgrade your plan at https://rapidapi.com/Glavier/api/spotify23"
0,,,,,,,,"You have exceeded the MONTHLY quota for Requests on your current plan, BASIC. Upgrade your plan at https://rapidapi.com/Glavier/api/spotify23"
0,,,,,,,,"You have exceeded the MONTHLY quota for Requests on your current plan, BASIC. Upgrade your plan at https://rapidapi.com/Glavier/api/spotify23"
0,,,,,,,,"You have exceeded the MONTHLY quota for Requests on your current plan, BASIC. Upgrade your plan at https://rapidapi.com/Glavier/api/spotify23"
0,,,,,,,,"You have exceeded the MONTHLY quota for Requests on your current plan, BASIC. Upgrade your plan at https://rapidapi.com/Glavier/api/spotify23"
0,,,,,,,,"You have exceeded the MONTHLY quota for Requests on your current plan, BASIC. Upgrade your plan at https://rapidapi.com/Glavier/api/spotify23"
0,,,,,,,,"You have exceeded the MONTHLY quota for Requests on your current plan, BASIC. Upgrade your plan at https://rapidapi.com/Glavier/api/spotify23"
0,,,,,,,,"You have exceeded the MONTHLY quota for Requests on your current plan, BASIC. Upgrade your plan at https://rapidapi.com/Glavier/api/spotify23"
0,,,,,,,,"You have exceeded the MONTHLY quota for Requests on your current plan, BASIC. Upgrade your plan at https://rapidapi.com/Glavier/api/spotify23"
0,,,,,,,,"You have exceeded the MONTHLY quota for Requests on your current plan, BASIC. Upgrade your plan at https://rapidapi.com/Glavier/api/spotify23"
0,,,,,,,,"You have exceeded the MONTHLY quota for Requests on your current plan, BASIC. Upgrade your plan at https://rapidapi.com/Glavier/api/spotify23"
0,,,,,,,,"You have exceeded the MONTHLY quota for Requests on your current plan, BASIC. Upgrade your plan at https://rapidapi.com/Glavier/api/spotify23"
0,,,,,,,,"You have exceeded the MONTHLY quota for Requests on your current plan, BASIC. Upgrade your plan at https://rapidapi.com/Glavier/api/spotify23"
0,,,,,,,,"You have exceeded the MONTHLY quota for Requests on your current plan, BASIC. Upgrade your plan at https://rapidapi.com/Glavier/api/spotify23"
0,,,,,,,,"You have exceeded the MONTHLY quota for Requests on your current plan, BASIC. Upgrade your plan at https://rapidapi.com/Glavier/api/spotify23"
0,,,,,,,,"You have exceeded the MONTHLY quota for Requests on your current plan, BASIC. Upgrade your plan at https://rapidapi.com/Glavier/api/spotify23"
0,,,,,,,,"You have exceeded the MONTHLY quota for Requests on your current plan, BASIC. Upgrade your plan at https://rapidapi.com/Glavier/api/spotify23"
0,,,,,,,,"You have exceeded the MONTHLY quota for Requests on your current plan, BASIC. Upgrade your plan at https://rapidapi.com/Glavier/api/spotify23"
0,,,,,,,,"You have exceeded the MONTHLY quota for Requests on your current plan, BASIC. Upgrade your plan at https://rapidapi.com/Glavier/api/spotify23"
0,,,,,,,,"You have exceeded the MONTHLY quota for Requests on your current plan, BASIC. Upgrade your plan at https://rapidapi.com/Glavier/api/spotify23"
0,,,,,,,,"You have exceeded the MONTHLY quota for Requests on your current plan, BASIC. Upgrade your plan at https://rapidapi.com/Glavier/api/spotify23"
0,,,,,,,,"You have exceeded the MONTHLY quota for Requests on your current plan, BASIC. Upgrade your plan at https://rapidapi.com/Glavier/api/spotify23"
0,,,,,,,,"You have exceeded the MONTHLY quota for Requests on your current plan, BASIC. Upgrade your plan at https://rapidapi.com/Glavier/api/spotify23"
0,,,,,,,,"You have exceeded the MONTHLY quota for Requests on your current plan, BASIC. Upgrade your plan at https://rapidapi.com/Glavier/api/spotify23"
0,,,,,,,,"You have exceeded the MONTHLY quota for Requests on your current plan, BASIC. Upgrade your plan at https://rapidapi.com/Glavier/api/spotify23"
0,,,,,,,,"You have exceeded the MONTHLY quota for Requests on your current plan, BASIC. Upgrade your plan at https://rapidapi.com/Glavier/api/spotify23"
0,,,,,,,,"You have exceeded the MONTHLY quota for Requests on your current plan, BASIC. Upgrade your plan at https://rapidapi.com/Glavier/api/spotify23"
0,,,,,,,,"You have exceeded the MONTHLY quota for Requests on your current plan, BASIC. Upgrade your plan at https://rapidapi.com/Glavier/api/spotify23"
0,,,,,,,,"You have exceeded the MONTHLY quota for Requests on your current plan, BASIC. Upgrade your plan at https://rapidapi.com/Glavier/api/spotify23"
0,,,,,,,,"You have exceeded the MONTHLY quota for Requests on your current plan, BASIC. Upgrade your plan at https://rapidapi.com/Glavier/api/spotify23"
0,,,,,,,,"You have exceeded the MONTHLY quota for Requests on your current plan, BASIC. Upgrade your plan at https://rapidapi.com/Glavier/api/spotify23"
0,,,,,,,,"You have exceeded the MONTHLY quota for Requests on your current plan, BASIC. Upgrade your plan at https://rapidapi.com/Glavier/api/spotify23"
0,,,,,,,,"You have exceeded the MONTHLY quota for Requests on your current plan, BASIC. Upgrade your plan at https://rapidapi.com/Glavier/api/spotify23"
0,,,,,,,,"You have exceeded the MONTHLY quota for Requests on your current plan, BASIC. Upgrade your plan at https://rapidapi.com/Glavier/api/spotify23"
0,,,,,,,,"You have exceeded the MONTHLY quota for Requests on your current plan, BASIC. Upgrade your plan at https://rapidapi.com/Glavier/api/spotify23"
